"range"	"nexpand"	"pexpand"	"log10p"	"log10n"	"log10r"
0.0444	11	0.0973451327433628	-1.01168575832519	1.04139268515823	-1.35261702988538
0.1998	9	0.079646017699115	-1.0988359340441	0.954242509439325	-0.699404516110037
0.224757869717614	7	0.0619469026548673	-1.20798040346916	0.845098040014257	-0.648285092853475
0.238068477543752	6	0.0530973451327434	-1.27492719309978	0.778151250383644	-0.623298105372556
0.240642265614335	5	0.0442477876106195	-1.3541084391474	0.698970004336019	-0.618628092245483
0.262204462204593	3	0.0265486725663717	-1.57595718876376	0.477121254719662	-0.581359921744554
0.519688676035951	1	0.00884955752212389	-2.05307844348342	0	-0.284256746307177
