"species"	"hexcount"	"area"
"Mixotoxodon"	"1217"	"1172.07113826979"
"Toxodon"	"3695"	"1994.57377593367"
"Trigonodops"	"5310"	"2018.7777892288"
