"species"	"hexcount"	"area"
"Elephas"	"1116"	"1606.95624847864"
"Loxodonta"	"3381"	"2974.41496111324"
