"species"	"hexcount"	"area"
"Manis"	"4130"	"2473.14930573905"
"Phataginus"	"2652"	"1271.04950291607"
"Smutsia"	"4627"	"2841.68373055452"
