"species"	"hexcount"	"area"
"Dendrohyrax"	"2623"	"2429.2733079029"
"Heterohyrax"	"2739"	"1854.20388242481"
"Procavia"	"7211"	"5297.4467787499"
