"species"	"hexcount"	"area"
"Dugong"	"6108"	"8686.92122740925"
"Trichechus"	"3596"	"5945.4819115741"
